HUALLAGA	TINGO DE SAPOSOA	TINGO DE SAPOSOA	0274183	0	085 RAMON RODRIGUEZ RIOS	A2 - Inicial - Jardín
BELLAVISTA	SAN RAFAEL	SAN RAFAEL	0274191	0	086 DANIEL ALCIDES CARRION	A2 - Inicial - Jardín
BELLAVISTA	BELLAVISTA	BELLAVISTA	0274209	0	094 RAITOS DE SOL	A2 - Inicial - Jardín
BELLAVISTA	SAN PABLO	SAN PABLO	0274225	0	0016 JOSE GABRIEL CONDORCANQUI	A2 - Inicial - Jardín
BELLAVISTA	SAN PABLO	HUINGOYACU	0274282	0	102	A2 - Inicial - Jardín
BELLAVISTA	SAN RAFAEL	LA LIBERTAD	0274290	0	103 CORAZONES TIERNOS	A2 - Inicial - Jardín
BELLAVISTA	ALTO BIAVO	BARRANCA	0274308	0	104 ANGELITOS DEL SABER	A2 - Inicial - Jardín
BELLAVISTA	BAJO BIAVO	NUEVO LIMA	0274902	0	321	A2 - Inicial - Jardín
BELLAVISTA	BELLAVISTA	LIMON	0473652	0	109 SANTA TERESITA	A2 - Inicial - Jardín
BELLAVISTA	SAN PABLO	CONSUELO	0500892	0	120 EMILIA BARCIA BONIFATTI	A2 - Inicial - Jardín
BELLAVISTA	BAJO BIAVO	LA UNION	0502393	0	129	A2 - Inicial - Jardín
BELLAVISTA	BELLAVISTA	BELLAVISTA	0509745	0	137 FE Y ALEGRIA	A2 - Inicial - Jardín
BELLAVISTA	SAN PABLO	FAUSA SAPINA	0521583	0	136 MARIA CALVO RUIZ	A2 - Inicial - Jardín
BELLAVISTA	ALTO BIAVO	JOSE OLAYA	0546622	0	128 MODESTA GARCIA SAAVEDRA	A2 - Inicial - Jardín
BELLAVISTA	ALTO BIAVO	CUZCO	0546721	0	127 CUNITA DE AMOR	A2 - Inicial - Jardín
BELLAVISTA	SAN PABLO	FAUSA LAMISTA	0548032	0	119	A2 - Inicial - Jardín
BELLAVISTA	BAJO BIAVO	PAMPA HERMOSA	0548628	0	331	A2 - Inicial - Jardín
BELLAVISTA	BELLAVISTA	BELLAVISTA	0565226	0	0208 SANTIAGO ANTUNEZ DE MAYOLO	A2 - Inicial - Jardín
EL DORADO	SANTA ROSA	SANTA ELENA	0602862	0	184	A2 - Inicial - Jardín
BELLAVISTA	BELLAVISTA	LAS MERCEDES	0602870	0	185	A2 - Inicial - Jardín
BELLAVISTA	ALTO BIAVO	INCAICO	0602946	0	190 ROSALIA PEZO REYNA	A3 - Inicial - Cuna-Jardín
BELLAVISTA	BAJO BIAVO	DOS UNIDOS	0602953	0	AGROPECUARIO DOS UNIDOS	A2 - Inicial - Jardín
BELLAVISTA	SAN PABLO	SHAMBOYACU	0632331	0	226 MARIA ANDREA PARADO DE BELLIDO	A2 - Inicial - Jardín
BELLAVISTA	BELLAVISTA	NUEVA FLORIDA	0632695	0	223 PASITO A PASO	A2 - Inicial - Jardín
BELLAVISTA	SAN RAFAEL	PANAMA	0632729	0	228 DIVINO NIÑO JESUS	A2 - Inicial - Jardín
BELLAVISTA	SAN PABLO	DOS DE MAYO	0632752	0	229 MARIA ELENA MOYANO	A2 - Inicial - Jardín
BELLAVISTA	ALTO BIAVO	NUEVO ARICA	0676163	0	151 SAGRADO CORAZON DE JESUS	A2 - Inicial - Jardín
BELLAVISTA	BELLAVISTA	HUACHO	0676411	0	091 TERESA GONZALES DE FANNING	A2 - Inicial - Jardín
BELLAVISTA	BAJO BIAVO	NUEVO TARAPOTO	0677443	0	0577	A2 - Inicial - Jardín
BELLAVISTA	ALTO BIAVO	MURALLA	0677450	0	093	A2 - Inicial - Jardín
BELLAVISTA	SAN PABLO	SAN ANDRES	0726232	0	175 ANTORCHA DEL SABER	A2 - Inicial - Jardín
BELLAVISTA	BELLAVISTA	BELLAVISTA	0726240	0	176 ROMAN RIVERO SALDAÑA	A2 - Inicial - Jardín
BELLAVISTA	SAN PABLO	CENTRO AMERICA	0726257	0	177 CARMELA PERDOMO PANDURO	A2 - Inicial - Jardín
BELLAVISTA	SAN RAFAEL	PALESTINA	0789503	0	090 LOS ANGELITOS DE PALESTINA	A2 - Inicial - Jardín
BELLAVISTA	BAJO BIAVO	NUEVO MUNDO	0846949	0	095	A2 - Inicial - Jardín
BELLAVISTA	ALTO BIAVO	VISTA ALEGRE	0846972	0	097 SEÑOR DE LOS MILAGROS	A2 - Inicial - Jardín
BELLAVISTA	ALTO BIAVO	ABANCAY	0847004	0	098 MERLIN GARCIA USHIÑAHUA	A2 - Inicial - Jardín
BELLAVISTA	BELLAVISTA	VICTOR RAUL HAYA DE LA TORRE	0847038	0	099	A2 - Inicial - Jardín
BELLAVISTA	BELLAVISTA	INTIYACU	0847061	0	100 SEMILLITAS DEL SABER	A2 - Inicial - Jardín
BELLAVISTA	BELLAVISTA	PERUATE	0847095	0	101 GABRIELA MISTRAL	A2 - Inicial - Jardín
BELLAVISTA	BELLAVISTA	EL PORVENIR	1018670	0	001 MADRE TERESA DE CALCUTA	A3 - Inicial - Cuna-Jardín
BELLAVISTA	SAN RAFAEL	CARHUAPOMA	1018803	0	004 AMIGUITOS DE JESUS	A2 - Inicial - Jardín
BELLAVISTA	SAN PABLO	JOSE PARDO	1018845	0	005	A2 - Inicial - Jardín
BELLAVISTA	ALTO BIAVO	PUERTO BERMUDEZ	1018886	0	006 SAN MARTIN DE PORRES	A2 - Inicial - Jardín
BELLAVISTA	SAN PABLO	LOS OLIVOS / CONSUELO	1018951	0	003 ROSA MERINO	A2 - Inicial - Jardín
BELLAVISTA	BELLAVISTA	BELLAVISTA	1238898	0	0180 SEÑOR DE LOS MILAGROS	A2 - Inicial - Jardín
BELLAVISTA	ALTO BIAVO	ISRAEL URIARTE	1352186	0	0002	A2 - Inicial - Jardín
BELLAVISTA	ALTO BIAVO	BELLO HORIZONTE	1371012	0	0008 JULIO RAMON RIBEYRO	A2 - Inicial - Jardín
BELLAVISTA	ALTO BIAVO	EL CHALLUAL	1371053	0	0689	A2 - Inicial - Jardín
BELLAVISTA	BAJO BIAVO	NUEVO ORIENTE	1400902	0	0751	A2 - Inicial - Jardín
BELLAVISTA	BAJO BIAVO	YANAYACU	1438308	0	0044	A2 - Inicial - Jardín
BELLAVISTA	BAJO BIAVO	NUEVO PROGRESO	1438324	0	421	A2 - Inicial - Jardín
BELLAVISTA	BAJO BIAVO	LA PERLA DE PONACILLO	1438332	0	422	A2 - Inicial - Jardín
BELLAVISTA	ALTO BIAVO	NUEVO SAN MARTIN	1472349	0	231	A2 - Inicial - Jardín
BELLAVISTA	ALTO BIAVO	NUEVO TRUJILLO	1565589	0	0001 ALBERTO UPIACHIHUA PUYO	A2 - Inicial - Jardín
BELLAVISTA	SAN RAFAEL	SAN JOSE	1565597	0	0005 SAN JOSE OBRERO	A2 - Inicial - Jardín
BELLAVISTA	BELLAVISTA	BUENOS AIRES	1565605	0	0116 SAGRADO CORAZON DE JESUS	A2 - Inicial - Jardín
BELLAVISTA	ALTO BIAVO	ANDOAS	1565613	0	0123 REYNALDO PAREDES SAAVEDRA	A2 - Inicial - Jardín
BELLAVISTA	BELLAVISTA	VAINILLA	1565621	0	0266 MIGUEL GRAU SEMINARIO	A2 - Inicial - Jardín
BELLAVISTA	ALTO BIAVO	LAS PALMAS	1565639	0	0688	A2 - Inicial - Jardín
BELLAVISTA	ALTO BIAVO	LOS CEDROS	1565647	0	0714 CIRO ALEGRIA BAZAN	A2 - Inicial - Jardín
BELLAVISTA	ALTO BIAVO	SELVA ANDINA	1565654	0	01367	A2 - Inicial - Jardín
BELLAVISTA	ALTO BIAVO	FLOR DE CAFE	1565662	0	477	A2 - Inicial - Jardín
BELLAVISTA	ALTO BIAVO	SAN JUAN DE SHITARI	1565670	0	478	A2 - Inicial - Jardín
BELLAVISTA	ALTO BIAVO	GONZALES PRADA	1565688	0	479	A2 - Inicial - Jardín
BELLAVISTA	ALTO BIAVO	NUEVO SAN MIGUEL	1565696	0	480	A2 - Inicial - Jardín
BELLAVISTA	BAJO BIAVO	LOS ANGELES	1565852	0	0080	A2 - Inicial - Jardín
BELLAVISTA	BAJO BIAVO	SAN RAMON	1565860	0	0141	A2 - Inicial - Jardín
BELLAVISTA	BAJO BIAVO	SANTA FLOR	1565878	0	0298	A2 - Inicial - Jardín
BELLAVISTA	BAJO BIAVO	SAN JUAN	1565951	0	0779	A2 - Inicial - Jardín
BELLAVISTA	BAJO BIAVO	SANTA ELENA	1565969	0	467	A2 - Inicial - Jardín
BELLAVISTA	BAJO BIAVO	DOS DE MAYO	1565977	0	468	A2 - Inicial - Jardín
BELLAVISTA	SAN RAFAEL	NUEVO CHIMBOTE	1593409	0	230 MI PEQUEÑO UNIVERSO	A2 - Inicial - Jardín
BELLAVISTA	BELLAVISTA	BELLAVISTA	1602291	0	1121	A2 - Inicial - Jardín
BELLAVISTA	SAN PABLO	YACUSISA	1602309	0	1122	A2 - Inicial - Jardín
BELLAVISTA	SAN RAFAEL	CARHUAPOMA	1602317	0	CORPUS CHRISTE	A2 - Inicial - Jardín
BELLAVISTA	ALTO BIAVO	ALTO YANAYACU	1602440	0	0732 JOSE DEL CARMEN MARIN ARISTA	A2 - Inicial - Jardín
BELLAVISTA	ALTO BIAVO	MIRAFLORES	1625409	0	0716 MICAELA BASTIDAS	A2 - Inicial - Jardín
BELLAVISTA	ALTO BIAVO	ALTO PARAISO	1684109	0	1164	A2 - Inicial - Jardín
BELLAVISTA	ALTO BIAVO	PUENTE JUANITA	1684117	0	1165	A2 - Inicial - Jardín
BELLAVISTA	ALTO BIAVO	EL TRIUNFO	1684125	0	1166	A2 - Inicial - Jardín
BELLAVISTA	ALTO BIAVO	LOS ANGELES	1684133	0	1167	A2 - Inicial - Jardín
BELLAVISTA	ALTO BIAVO	RAMON CASTILLA	1684141	0	1168	A2 - Inicial - Jardín
BELLAVISTA	BAJO BIAVO	LOS OLIVOS	1692003	0	1169	A2 - Inicial - Jardín
BELLAVISTA	BAJO BIAVO	PACASMAYO	1692011	0	1170	A2 - Inicial - Jardín
BELLAVISTA	ALTO BIAVO	EL JORDAN	1711258	0	1249	A2 - Inicial - Jardín
BELLAVISTA	ALTO BIAVO	NUEVO JAEN	1711266	0	1250	A2 - Inicial - Jardín
BELLAVISTA	ALTO BIAVO	PORVENIR DEL PARAISO	1711274	0	1251	A2 - Inicial - Jardín
BELLAVISTA	ALTO BIAVO	LOS CLAVELES	1711282	0	1252	A2 - Inicial - Jardín
BELLAVISTA	ALTO BIAVO	NUEVO CHOTALO	1711290	0	1253	A2 - Inicial - Jardín
BELLAVISTA	ALTO BIAVO	LAS ALMENDRAS	1746551	0	1319	A2 - Inicial - Jardín
BELLAVISTA	ALTO BIAVO	FLOR DE VALLE	1746569	0	1320	A2 - Inicial - Jardín
BELLAVISTA	ALTO BIAVO	PLANTANILLO	1746577	0	1321	A2 - Inicial - Jardín
BELLAVISTA	ALTO BIAVO	NUEVO PROGRESO	1746585	0	1322	A2 - Inicial - Jardín
BELLAVISTA	BELLAVISTA	NUEVO TACABAMBA	1782416	0	0719 SAN ANTONIO DE PADUA	A2 - Inicial - Jardín
BELLAVISTA	ALTO BIAVO	SAN JUAN DE MIRAFLORES	3015583	0	01361	A2 - Inicial - Jardín
BELLAVISTA	ALTO BIAVO	CIELITO LINDO	3015963	0	1374 EDGAR ANTONIO CHAVEZ GIL	A2 - Inicial - Jardín
BELLAVISTA	BELLAVISTA	RAMIRO PRIALE	3044500	0	0722 NUEVO AMANECER	A2 - Inicial - Jardín
BELLAVISTA	BAJO BIAVO	SANTA ELENA	3045556	0	0086	A2 - Inicial - Jardín
BELLAVISTA	BAJO BIAVO	EL PORVENIR	3059755	0	0781	A2 - Inicial - Jardín
BELLAVISTA	ALTO BIAVO	LA ESPERANZA DEL TIOYACU	3833927	0	ANGELITOS DEL CIELO	A5 - Inicial  Prog No Escolariz
BELLAVISTA	BAJO BIAVO	LA UNION / NUEVA UNION	3833939	0	LA CASITA DEL SABER	A5 - Inicial  Prog No Escolariz
BELLAVISTA	BAJO BIAVO	PUERTO NUEVO	3833953	0	LOS TRIUNFADORES	A5 - Inicial  Prog No Escolariz
BELLAVISTA	SAN PABLO	DOS UNIDOS	3835701	0	CARITAS ALEGRES	A5 - Inicial  Prog No Escolariz
BELLAVISTA	SAN RAFAEL	SANTA CATALINA	3835719	0	LOS LORITOS	A5 - Inicial  Prog No Escolariz
BELLAVISTA	SAN PABLO	SANTA VICTORIA	3835726	0	RAYITOS DE SOL	A5 - Inicial  Prog No Escolariz
BELLAVISTA	SAN PABLO	NUEVA FLORES	3835727	0	GOTITAS DE AMOR	A5 - Inicial  Prog No Escolariz
BELLAVISTA	ALTO BIAVO	RUEGA A DIOS	3880357	0	DIVINO NIÑO	A5 - Inicial  Prog No Escolariz
BELLAVISTA	ALTO BIAVO	BARRANCA	3897470	0	CRECIENDO CON AMOR	A5 - Inicial  Prog No Escolariz
BELLAVISTA	BAJO BIAVO	SANTA ELENA	3930652	0	GOTITAS DEL SABER	A5 - Inicial  Prog No Escolariz
BELLAVISTA	SAN PABLO	FAUSA LAMISTA	3941369	0	MI DULCE HOGAR	A5 - Inicial  Prog No Escolariz
BELLAVISTA	ALTO BIAVO	NANVALLE	3946297	0	DULCE AMANECER	A5 - Inicial  Prog No Escolariz
BELLAVISTA	ALTO BIAVO	PUEBLO LIBRE / ISRAEL URIARTE	3961898	0	DULCE ABRAZOS	A5 - Inicial  Prog No Escolariz
BELLAVISTA	SAN PABLO	EL CARIBE	3975147	0	CORAZON DE JESUS	A5 - Inicial  Prog No Escolariz
BELLAVISTA	SAN PABLO	SAN IGNACIO	3975148	0	PEQUEÑOS GENIOS	A5 - Inicial  Prog No Escolariz
BELLAVISTA	ALTO BIAVO	BARRIO MEXICO	3976696	0	MANITAS CREATIVAS	A5 - Inicial  Prog No Escolariz
BELLAVISTA	ALTO BIAVO	JOSE OLAYA	3981609	0	BURBUJITAS DE COLORES	A5 - Inicial  Prog No Escolariz
BELLAVISTA	BELLAVISTA	NUEVO CHOTA	3982440	0	TIERNOS ANGELITOS	A5 - Inicial  Prog No Escolariz
BELLAVISTA	ALTO BIAVO	SOL ANDINO	3983960	0	PEQUEÑOS SOÑADORES	A5 - Inicial  Prog No Escolariz
BELLAVISTA	BAJO BIAVO	DOS UNIDOS	3985061	0	MI PEQUEÑO UNIVERSO	A5 - Inicial  Prog No Escolariz
BELLAVISTA	ALTO BIAVO	LA LIBERTAD	3990716	0	RAYITOS DE LUZ	A5 - Inicial  Prog No Escolariz
BELLAVISTA	ALTO BIAVO	NUEVO CAÑARIS	3990717	0	DOS CORAZONES	A5 - Inicial  Prog No Escolariz
BELLAVISTA	ALTO BIAVO	EL OSO	4004995	0	OSITOS QUE DEJAN HUELLAS	A5 - Inicial  Prog No Escolariz
BELLAVISTA	BELLAVISTA	VISTA ALEGRE	4006096	0	SEMILLITAS DEL SABER	A5 - Inicial  Prog No Escolariz
BELLAVISTA	ALTO BIAVO	ROMERILLAL	4012553	0	ARCOIRIS DEL SABER	A5 - Inicial  Prog No Escolariz
BELLAVISTA	BAJO BIAVO	NUEVO LIMA	0298760	0	0084 ANDRES AVELINO CACERES DORREGARAY	B0 - Primaria
BELLAVISTA	BAJO BIAVO	LA UNION	0298778	0	0085	B0 - Primaria
BELLAVISTA	BAJO BIAVO	SANTA ELENA	0298786	0	0086	B0 - Primaria
BELLAVISTA	BAJO BIAVO	SAN RAMON	0299206	0	0141	B0 - Primaria
BELLAVISTA	BAJO BIAVO	NUEVO MUNDO	0299214	0	0142	B0 - Primaria
BELLAVISTA	BAJO BIAVO	PAMPA HERMOSA	0299222	0	0143	B0 - Primaria
BELLAVISTA	BAJO BIAVO	DOS UNIDOS	0299230	0	AGROPECUARIO DOS UNIDOS	B0 - Primaria
BELLAVISTA	BAJO BIAVO	NUEVO TARAPOTO	0299420	0	0577	B0 - Primaria
BELLAVISTA	BAJO BIAVO	DOS DE MAYO	0299537	0	0605	B0 - Primaria
BELLAVISTA	SAN RAFAEL	PALESTINA	0299545	0	0617 NATIVIDAD BARRERA ARELLANO	B0 - Primaria
BELLAVISTA	BELLAVISTA	BELLAVISTA	0300137	0	0180 SEÑOR DE LOS MILAGROS	B0 - Primaria
HUALLAGA	TINGO DE SAPOSOA	TINGO DE SAPOSOA	0300178	0	0184 OSCAR PANDURO DAVILA	B0 - Primaria
BELLAVISTA	SAN RAFAEL	SAN RAFAEL	0300194	0	0188 DANIEL ALCIDES CARRION	B0 - Primaria
BELLAVISTA	SAN RAFAEL	SAN JOSE	0300228	0	0005 SAN JOSE OBRERO	B0 - Primaria
BELLAVISTA	SAN RAFAEL	LA LIBERTAD	0300236	0	0190 CESAR VALLEJO MENDOZA	B0 - Primaria
BELLAVISTA	BELLAVISTA	PERUATE	0300277	0	0194 TEODOCIA NAVARRO VEGA	B0 - Primaria
BELLAVISTA	BELLAVISTA	LIMON	0300301	0	0198 MARIA EDITH VILLACORTA PINEDO	B0 - Primaria
BELLAVISTA	BELLAVISTA	BELLAVISTA	0300319	0	0199 SANTA ROSA	B0 - Primaria
BELLAVISTA	ALTO BIAVO	BARRANCA	0300335	0	0201 VIRGITA ALVARADO CARDENAS	B0 - Primaria
BELLAVISTA	SAN PABLO	CONSUELO	0300343	0	0202	B0 - Primaria
BELLAVISTA	BELLAVISTA	LAS MERCEDES	0300350	0	0205 ELVIRA RUIZ DAVILA	B0 - Primaria
BELLAVISTA	ALTO BIAVO	CUZCO	0300368	0	0206 ISAAC NEWTON	B0 - Primaria
BELLAVISTA	ALTO BIAVO	JOSE OLAYA	0300376	0	0207 FERNANDO BELAUNDE TERRY	B0 - Primaria
BELLAVISTA	BELLAVISTA	BELLAVISTA	0300533	0	0208 SANTIAGO ANTUNEZ DE MAYOLO	B0 - Primaria
EL DORADO	SANTA ROSA	SANTA ELENA	0301788	0	0376 MARIANO MELGAR Y VALDIVIESO	B0 - Primaria
BELLAVISTA	BELLAVISTA	HUACHO	0303156	0	0215 VALENTIN PANIAGUA CORAZAO	B0 - Primaria
BELLAVISTA	BELLAVISTA	NUEVA FLORIDA	0303222	0	0224	B0 - Primaria
BELLAVISTA	SAN RAFAEL	NUEVO CHIMBOTE	0303230	0	0225 MERVIN TANANTA GARCIA	B0 - Primaria
BELLAVISTA	SAN RAFAEL	PANAMA	0303248	0	0226 JUAN DANIEL DEL AGUILA VELASQUEZ	B0 - Primaria
BELLAVISTA	SAN PABLO	JOSE PARDO	0303263	0	0231 ALFONSO UGARTE VERNAL	B0 - Primaria
BELLAVISTA	ALTO BIAVO	INCAICO	0303305	0	0238 MANCO CAPAC	B0 - Primaria
BELLAVISTA	ALTO BIAVO	GONZALES PRADA	0303347	0	0242 BENJAMIN TORRES TORRES	B0 - Primaria
BELLAVISTA	ALTO BIAVO	MURALLA	0303388	0	0249 SARITA COLINA SAMBRANO	B0 - Primaria
BELLAVISTA	ALTO BIAVO	NUEVO ARICA	0303396	0	0250 LOS HEROES DE ARICA	B0 - Primaria
BELLAVISTA	SAN PABLO	CENTRO AMERICA	0473835	0	0630 JUSTINIANO SHUÑA PAIMA	B0 - Primaria
BELLAVISTA	BAJO BIAVO	PACASMAYO	0514521	0	0724	B0 - Primaria
BELLAVISTA	SAN PABLO	DOS DE MAYO	0548230	0	0687 JOSE AVELARDO QUIÑONES GONZALES	B0 - Primaria
BELLAVISTA	ALTO BIAVO	PUERTO BERMUDEZ	0549212	0	0678 JUAN PINCHI URQUIA	B0 - Primaria
BELLAVISTA	ALTO BIAVO	ABANCAY	0549311	0	0679 ABELARDO PAREDES TANANTA	B0 - Primaria
BELLAVISTA	BELLAVISTA	ALTO ÑEJAZAPA	0565192	0	0164 MICAELA BASTIDA PUYUCAWA	B0 - Primaria
BELLAVISTA	ALTO BIAVO	NUEVO SAN MIGUEL	0603233	0	0259 RAMON CASTILLA MARQUESADO	B0 - Primaria
BELLAVISTA	SAN PABLO	SAN ANDRES	0639120	0	0388 JUAN DE LA CRUZ SALAS SALAS	B0 - Primaria
BELLAVISTA	BAJO BIAVO	SANTA FLOR	0639153	0	0298	B0 - Primaria
BELLAVISTA	BELLAVISTA	BUENOS AIRES	0675926	0	0116 SAGRADO CORAZON DE JESUS	B0 - Primaria
BELLAVISTA	ALTO BIAVO	NUEVO SAN MARTIN	0676171	0	0122 JOSE CARLOS MARIATEGUI	B0 - Primaria
BELLAVISTA	ALTO BIAVO	ANDOAS	0676189	0	0123 REYNALDO PAREDES SAAVEDRA	B0 - Primaria
BELLAVISTA	BAJO BIAVO	NUEVA UNION	0676197	0	0136	B0 - Primaria
BELLAVISTA	BELLAVISTA	MISQUIYACU	0676437	0	0069 FRANCISCO IZQUIERDO RIOS	B0 - Primaria
BELLAVISTA	BAJO BIAVO	NUEVO PROGRESO	0677468	0	0475	B0 - Primaria
BELLAVISTA	BELLAVISTA	VAINILLA	0726265	0	0266 MIGUEL GRAU SEMINARIO	B0 - Primaria
BELLAVISTA	SAN PABLO	YACUSISA	0726273	0	0267	B0 - Primaria
BELLAVISTA	BELLAVISTA	VICTOR RAUL HAYA DE LA TORRE	0760850	0	0482 CIRO SALDAÑA GIRALDO	B0 - Primaria
BELLAVISTA	SAN PABLO	SAN IGNACIO	0760892	0	0485 IGNACIO ISUIZA SANANCINA	B0 - Primaria
BELLAVISTA	ALTO BIAVO	VISTA ALEGRE	0761155	0	0489 JORGE CHAVEZ DARNELL	B0 - Primaria
BELLAVISTA	BAJO BIAVO	PUERTO NUEVO	0761163	0	0488 CARLOS CUETO FERNANDINI	B0 - Primaria
BELLAVISTA	SAN PABLO	DOS UNIDOS	0789560	0	0045	B0 - Primaria
BELLAVISTA	BAJO BIAVO	YANAYACU	0789628	0	0044	B0 - Primaria
BELLAVISTA	BAJO BIAVO	LA PERLA DE PONACILLO	0789651	0	0048	B0 - Primaria
BELLAVISTA	SAN RAFAEL	CARHUAPOMA	0829192	0	0049 INMACULADA CONCEPCION	B0 - Primaria
BELLAVISTA	SAN RAFAEL	SANTA CATALINA	0829226	0	0047 JESUS EL BUEN MAESTRO	B0 - Primaria
BELLAVISTA	SAN PABLO	FAUSA LAMISTA	0829259	0	0306 JOSE SANTOS CHOCANO GASTANODI	B0 - Primaria
BELLAVISTA	SAN PABLO	NUEVA FLORES	0829283	0	0042 HUMBERTO DEL AGUILA ARRIEGA	B0 - Primaria
BELLAVISTA	SAN PABLO	FAUSA SAPINA	0829317	0	0174	B0 - Primaria
BELLAVISTA	SAN PABLO	SHAMBOYACU	0829341	0	0213 PASCUAL SANGAMA VALLES	B0 - Primaria
BELLAVISTA	SAN PABLO	HUINGOYACU	0829374	0	0176	B0 - Primaria
BELLAVISTA	SAN PABLO	EL CARIBE	0847129	0	0014 CORONEL LEONCIO PRADO	B0 - Primaria
BELLAVISTA	SAN PABLO	SANTA VICTORIA	0847152	0	0046 JOSE DE LA TORRE UGARTE	B0 - Primaria
BELLAVISTA	ALTO BIAVO	NUEVO TRUJILLO	1018555	0	0001 ALBERTO UPIACHIHUA PUYO	B0 - Primaria
BELLAVISTA	ALTO BIAVO	LOS ANGELES	1018597	0	0003 ELEAZAR FASABI ZATALAYA	B0 - Primaria
BELLAVISTA	SAN PABLO	SAN PABLO	1019082	0	0016 JOSE GABRIEL CONDORCANQUI	B0 - Primaria
BELLAVISTA	BAJO BIAVO	LOS OLIVOS	1205061	0	0647	B0 - Primaria
BELLAVISTA	ALTO BIAVO	ISRAEL URIARTE	1238294	0	0002	B0 - Primaria
BELLAVISTA	ALTO BIAVO	BELLO HORIZONTE	1238658	0	0008 JULIO RAMON RIBEYRO	B0 - Primaria
BELLAVISTA	ALTO BIAVO	NUEVO CHOTALO	1238815	0	0007	B0 - Primaria
BELLAVISTA	ALTO BIAVO	SAN JUAN DE SHITARI	1384924	0	0721	B0 - Primaria
BELLAVISTA	ALTO BIAVO	ALMENDRAS	1384932	0	0718	B0 - Primaria
BELLAVISTA	BAJO BIAVO	LOS ANGELES	1400894	0	0080	B0 - Primaria
BELLAVISTA	BELLAVISTA	NUEVO TACABAMBA	1411131	0	0719 SAN ANTONIO DE PADUA	B0 - Primaria
BELLAVISTA	ALTO BIAVO	LA ESPERANZA DEL TIOYACU	1411149	0	0720	B0 - Primaria
BELLAVISTA	BELLAVISTA	RAMIRO PRIALE	1412154	0	0722 NUEVO AMANECER	B0 - Primaria
BELLAVISTA	SAN PABLO	NUEVA ESPERANZA	1412162	0	0723	B0 - Primaria
BELLAVISTA	ALTO BIAVO	SELVA ANDINA	1412170	0	01367	B0 - Primaria
BELLAVISTA	ALTO BIAVO	PLANTANILLO	1412188	0	0725	B0 - Primaria
BELLAVISTA	ALTO BIAVO	EL TRIUNFO	1412196	0	0726	B0 - Primaria
BELLAVISTA	ALTO BIAVO	PUENTE JUANITA	1412204	0	0727 INTERCULTURAL BILINGUE	B0 - Primaria
BELLAVISTA	SAN RAFAEL	CARHUAPOMA	1576537	0	CORPUS CHRISTE	B0 - Primaria
BELLAVISTA	BAJO BIAVO	NUEVO LIMA	1591361	0	0780	B0 - Primaria
BELLAVISTA	BAJO BIAVO	NUEVO ORIENTE	1591403	0	0751	B0 - Primaria
BELLAVISTA	BAJO BIAVO	SAN JUAN	1591502	0	0779	B0 - Primaria
BELLAVISTA	BAJO BIAVO	EL PORVENIR	1591601	0	0781	B0 - Primaria
BELLAVISTA	ALTO BIAVO	ALTO YANAYACU	1592526	0	0732 JOSE DEL CARMEN MARIN ARISTA	B0 - Primaria
BELLAVISTA	ALTO BIAVO	LAS PALMAS	1593268	0	0688	B0 - Primaria
BELLAVISTA	SAN PABLO	NUEVO SAN LORENZO	1593292	0	0690 PEDRO VILCA APAZA	B0 - Primaria
BELLAVISTA	ALTO BIAVO	LOS CEDROS	1593318	0	0714 CIRO ALEGRIA BAZAN	B0 - Primaria
BELLAVISTA	ALTO BIAVO	EL CHALLUAL	1593326	0	0689	B0 - Primaria
BELLAVISTA	ALTO BIAVO	MIRAFLORES	1593334	0	0716 MICAELA BASTIDAS	B0 - Primaria
BELLAVISTA	ALTO BIAVO	RAMON CASTILLA	1593391	0	0717 GILBERTO SATALAYA TUANAMA	B0 - Primaria
BELLAVISTA	ALTO BIAVO	FLOR DE CAFE	1656453	0	477	B0 - Primaria
BELLAVISTA	BELLAVISTA	BELLAVISTA	1757509	0	SANTA MARIA GORETTI	B0 - Primaria
BELLAVISTA	ALTO BIAVO	NUEVO PROGRESO	1758747	0	1322	B0 - Primaria
BELLAVISTA	ALTO BIAVO	NUEVO JAEN	1758754	0	1250	B0 - Primaria
BELLAVISTA	ALTO BIAVO	LOS CLAVELES	1758762	0	1252	B0 - Primaria
BELLAVISTA	ALTO BIAVO	ALTO PARAISO	1759638	0	1164	B0 - Primaria
BELLAVISTA	ALTO BIAVO	FLOR DE VALLE	1760495	0	1320	B0 - Primaria
BELLAVISTA	BAJO BIAVO	VALPARAISO	1782986	0	01360	B0 - Primaria
BELLAVISTA	ALTO BIAVO	SAN JUAN DE MIRAFLORES	1782994	0	01361	B0 - Primaria
BELLAVISTA	ALTO BIAVO	CIELITO LINDO	3048162	0	1374 EDGAR ANTONIO CHAVEZ GIL	B0 - Primaria
BELLAVISTA	BELLAVISTA	BELLAVISTA	0273557	0	0050 ABRAHAM CARDENAS RUIZ	F0 - Secundaria
BELLAVISTA	SAN RAFAEL	SAN RAFAEL	0537183	0	0005 DANIEL ALCIDES CARRION	F0 - Secundaria
BELLAVISTA	SAN PABLO	SAN PABLO	0537282	0	0016 JOSE GABRIEL CONDORCANQUI	F0 - Secundaria
BELLAVISTA	SAN PABLO	CONSUELO	0537381	0	0029 JUAN VELASCO ALVARADO	F0 - Secundaria
HUALLAGA	TINGO DE SAPOSOA	TINGO DE SAPOSOA	0548131	0	0010 JULIO PIZARRO CARDENAS	F0 - Secundaria
BELLAVISTA	ALTO BIAVO	BARRANCA	0548818	0	0772 JOSE F. SANCHEZ CARRION	F0 - Secundaria
BELLAVISTA	BAJO BIAVO	NUEVO LIMA	0548917	0	0084 ANDRES AVELINO CACERES DORREGARAY	F0 - Secundaria
BELLAVISTA	SAN PABLO	FAUSA LAMISTA	0603282	0	0015 JOSE SANTOS CHOCANO GASTAÑODI	F0 - Secundaria
BELLAVISTA	BELLAVISTA	LAS MERCEDES	0726299	0	0766 RUBEN CACHIQUE SANGAMA	F0 - Secundaria
BELLAVISTA	SAN RAFAEL	LA LIBERTAD	0726315	0	0759 FRANCISCO BOLOGNESI	F0 - Secundaria
BELLAVISTA	BELLAVISTA	LIMON	0726323	0	0760 JOSE OLAYA BALANDRA	F0 - Secundaria
BELLAVISTA	BAJO BIAVO	DOS UNIDOS	0847244	0	AGROPECUARIO DOS UNIDOS	F0 - Secundaria
BELLAVISTA	BELLAVISTA	BELLAVISTA	1018852	0	0208 SANTIAGO ANTUNEZ DE MAYOLO	F0 - Secundaria
BELLAVISTA	SAN PABLO	HUINGOYACU	1018936	0	0758 RICARDO PALMA	F0 - Secundaria
BELLAVISTA	SAN RAFAEL	CARHUAPOMA	1018977	0	0700 SAN JUAN BAUTISTA	F0 - Secundaria
BELLAVISTA	BAJO BIAVO	NUEVO TARAPOTO	1124106	0	0577	F0 - Secundaria
BELLAVISTA	ALTO BIAVO	CUZCO	1238252	0	0206 ISAAC NEWTON	F0 - Secundaria
BELLAVISTA	BAJO BIAVO	YANAYACU	1345297	0	0044	F0 - Secundaria
BELLAVISTA	SAN RAFAEL	CARHUAPOMA	1352160	0	CORPUS CHRISTE	F0 - Secundaria
BELLAVISTA	SAN PABLO	FAUSA SAPINA	1371038	0	0174	F0 - Secundaria
BELLAVISTA	ALTO BIAVO	PUERTO BERMUDEZ	1371046	0	0678 JUAN PINCHI URQUIA	F0 - Secundaria
BELLAVISTA	ALTO BIAVO	EL CHALLUAL	1371061	0	0689	F0 - Secundaria
BELLAVISTA	ALTO BIAVO	NUEVO ARICA	1371079	0	0250 LOS HEROES DE ARICA	F0 - Secundaria
BELLAVISTA	BELLAVISTA	PERUATE	1411123	0	0194 TEODOCIA NAVARRO VEGA	F0 - Secundaria
BELLAVISTA	ALTO BIAVO	INCAICO	1451392	0	0238 MANCO CAPAC	F0 - Secundaria
EL DORADO	SANTA ROSA	SANTA ELENA	1593235	0	0376 MARIANO MELGAR Y VALDIVIESO	F0 - Secundaria
BELLAVISTA	BELLAVISTA	HUACHO	1593359	0	HUACHO - ALLCOYACU	F0 - Secundaria
BELLAVISTA	ALTO BIAVO	JOSE OLAYA	1593417	0	0207 FERNANDO BELAUNDE TERRY	F0 - Secundaria
BELLAVISTA	BELLAVISTA	NUEVA FLORIDA	1593425	0	NUEVA FLORIDA	F0 - Secundaria
BELLAVISTA	ALTO BIAVO	ISRAEL URIARTE	1593433	0	ISRAEL URIARTE	F0 - Secundaria
BELLAVISTA	ALTO BIAVO	LAS PALMAS	1691443	0	0688	F0 - Secundaria
BELLAVISTA	ALTO BIAVO	BELLO HORIZONTE	1718535	0	0008 JULIO RAMON RIBEYRO	F0 - Secundaria
BELLAVISTA	ALTO BIAVO	NUEVO TRUJILLO	1718543	0	1309	F0 - Secundaria
BELLAVISTA	ALTO BIAVO	FLOR DE CAFE	1718550	0	1310	F0 - Secundaria
BELLAVISTA	BAJO BIAVO	NUEVO PROGRESO	1746593	0	0475	F0 - Secundaria
BELLAVISTA	BELLAVISTA	VICTOR RAUL HAYA DE LA TORRE	1746601	0	0482 CIRO SALDAÑA GIRALDO	F0 - Secundaria
BELLAVISTA	BAJO BIAVO	SAN JUAN	1760503	0	0779	F0 - Secundaria
BELLAVISTA	ALTO BIAVO	SAN JUAN DE SHITARI	1774256	0	0721	F0 - Secundaria
BELLAVISTA	ALTO BIAVO	GONZALES PRADA	1783117	0	0242 BENJAMIN TORRES TORRES	F0 - Secundaria
BELLAVISTA	ALTO BIAVO	VISTA ALEGRE	1785567	0	0489 JORGE CHAVEZ DARNELL	F0 - Secundaria
BELLAVISTA	BAJO BIAVO	LOS OLIVOS	1785575	0	0647	F0 - Secundaria
BELLAVISTA	ALTO BIAVO	SELVA ANDINA	1790088	0	01367	F0 - Secundaria
BELLAVISTA	ALTO BIAVO	ALTO YANAYACU	1793298	0	0732 JOSE DEL CARMEN MARIN ARISTA	F0 - Secundaria
BELLAVISTA	ALTO BIAVO	LOS ANGELES	1800960	0	0003 ELEAZAR FASABI ZATALAYA	F0 - Secundaria
BELLAVISTA	SAN RAFAEL	CARHUAPOMA	3000924	0	HOGAR NAZARET DEL CORAZON INMACULADO DE MARIA	F0 - Secundaria
BELLAVISTA	BELLAVISTA	BELLAVISTA	3008125	0	NUESTRA SEÑORA DEL ROCIO	F0 - Secundaria
BELLAVISTA	ALTO BIAVO	PUENTE JUANITA	3015591	0	0727 INTERCULTURAL BILINGUE	F0 - Secundaria
BELLAVISTA	ALTO BIAVO	NUEVO SAN MARTIN	3023876	0	0122 JOSE CARLOS MARIATEGUI	F0 - Secundaria
BELLAVISTA	BELLAVISTA	BELLAVISTA	3026325	0	SANTA MARIA GORETTI	F0 - Secundaria
